"MANDT","KURST","FCURR","TCURR","GDATU","FFACT","TFACT","ABWCT","ABWGA"
"002","100*",EUR,USD,"81999898",1,1,"","00000000"
"002","100*",USD,EUR,"81999898",1,1,"","00000000"
"002","1001",AUD,USD,"79839898",1,1,"","00000000"
"002","1001",CAD,USD,"79838768",1,1,"","00000000"
"002","1001",EUR,USD,"81999898",1,1,"","00000000"
"002","1001",GBP,USD,"79839898",1,1,"","00000000"
"002","1001",USD,EUR,"81999898",1,1,"","00000000"
"002","1002",AUD,USD,"79839898",1,1,"","00000000"
"002","1002",CAD,USD,"79838768",1,1,"","00000000"
"002","1002",EUR,TWD,"79799898",1,1,"","00000000"
"002","1002",EUR,USD,"81999898",1,1,"","00000000"
"002","1002",GBP,USD,"79839898",1,1,"","00000000"
"002","1002",USD,EUR,"81999898",1,1,"","00000000"
"002","1002",USD,TWD,"79828898",1,1,"","00000000"
"002","1003",EUR,USD,"81999898",1,1,"","00000000"
"002","1003",GBP,USD,"79839898",1,1,"","00000000"
"002","1003",USD,EUR,"81999898",1,1,"","00000000"
"002","1003",USD,GBP,"79839898",1,1,"","00000000"
"002","1004",EUR,USD,"81999898",1,1,"","00000000"
"002","1004",GBP,USD,"79839898",1,1,"","00000000"
"002","1004",USD,EUR,"81999898",1,1,"","00000000"
"002","200*",EUR,USD,"81999898",1,1,"","00000000"
"002","200*",USD,EUR,"81999898",1,1,"","00000000"
"002","2001",EUR,USD,"81999898",1,1,"","00000000"
"002","2001",KZT,RUB,"79799398",1,1,"","00000000"
"002","2001",USD,EUR,"81999898",1,1,"","00000000"
"002","2002",EUR,USD,"81999898",1,1,"","00000000"
"002","2002",USD,EUR,"81999898",1,1,"","00000000"
"002","2003",EUR,USD,"81999898",1,1,"","00000000"
"002","2003",USD,EUR,"81999898",1,1,"","00000000"
"002","2004",EUR,USD,"81999898",1,1,"","00000000"
"002","2004",USD,EUR,"81999898",1,1,"","00000000"
"002",EURO,ATS,EUR,"81999898",1,1,"","00000000"
"002",EURO,BEF,EUR,"81999898",1,1,"","00000000"
"002",EURO,CYP,EUR,"81998998",1,100,"","00000000"
"002",EURO,DEM,EUR,"81999898",1,1,"","00000000"
"002",EURO,DEM,FRF,"81999898",1,1,"","00000000"
"002",EURO,EEK,EUR,"81999898",1,1,"","00000000"
"002",EURO,ESP,EUR,"81999898",1,1,"","00000000"
"002",EURO,EUR,ATS,"81999898",1,1,"","00000000"
"002",EURO,EUR,BEF,"81999898",1,1,"","00000000"
"002",EURO,EUR,CYP,"81999898",100,1,"","00000000"
"002",EURO,EUR,DEM,"81999898",1,1,"","00000000"
"002",EURO,EUR,EEK,"81999898",1,1,"","00000000"
"002",EURO,EUR,ESP,"81999898",1,1,"","00000000"
"002",EURO,EUR,FIM,"81999898",1,1,"","00000000"
"002",EURO,EUR,FRF,"81999898",1,1,"","00000000"
"002",EURO,EUR,GRD,"81999898",1,1,"","00000000"
"002",EURO,EUR,IEP,"81999898",100,1,"","00000000"
"002",EURO,EUR,ITL,"81999898",1,1,"","00000000"
"002",EURO,EUR,LTL,"81999898",1,1,"","00000000"
"002",EURO,EUR,LUF,"81999898",1,1,"","00000000"
"002",EURO,EUR,LVL,"81999898",100,1,"","00000000"
"002",EURO,EUR,MTL,"81999898",1,1,"","00000000"
"002",EURO,EUR,NLG,"81999898",1,1,"","00000000"
"002",EURO,EUR,PTE,"81999898",1,1,"","00000000"
"002",EURO,EUR,SIT,"81999898",1,1,"","00000000"
"002",EURO,EUR,SKK,"81999898",1,1,"","00000000"
"002",EURO,EUR,USD,"79989898",1,1,EURO,"00000000"
"002",EURO,FIM,EUR,"81999898",1,1,"","00000000"
"002",EURO,FRF,EUR,"81999898",1,1,"","00000000"
"002",EURO,GRD,EUR,"81999898",1,1,"","00000000"
"002",EURO,IEP,EUR,"81999898",1,100,"","00000000"
"002",EURO,ITL,EUR,"81999898",1,1,"","00000000"
"002",EURO,LTL,EUR,"81999898",1,1,"","00000000"
"002",EURO,LUF,EUR,"81999898",1,1,"","00000000"
"002",EURO,LVL,EUR,"81999898",1,100,"","00000000"
"002",EURO,MTL,EUR,"81999898",1,1,"","00000000"
"002",EURO,NLG,EUR,"81999898",1,1,"","00000000"
"002",EURO,PTE,EUR,"81999898",1,1,"","00000000"
"002",EURO,SIT,EUR,"81999898",1,1,"","00000000"
"002",EURO,SKK,EUR,"81999898",1,1,"","00000000"
"002",EURO,USD,EUR,"79989898",1,1,EURO,"00000000"
"002",EURX,AED,EUR,"81999898",1,1,"","00000000"
"002",EURX,ARS,EUR,"81999898",1,1,"","00000000"
"002",EURX,AUD,EUR,"81999898",1,1,"","00000000"
"002",EURX,BGN,EUR,"81999898",1,1,"","00000000"
"002",EURX,BRL,EUR,"81999898",1,1,"","00000000"
"002",EURX,CAD,EUR,"81999898",1,1,"","00000000"
"002",EURX,CHF,EUR,"81999898",1,1,"","00000000"
"002",EURX,CLP,EUR,"81999898",1,1,"","00000000"
"002",EURX,CNY,EUR,"81999898",1,1,"","00000000"
"002",EURX,COP,EUR,"81999898",1000,1,"","00000000"
"002",EURX,CSD,EUR,"81999898",1,1,"","00000000"
"002",EURX,CYP,EUR,"81999898",1,100,"","00000000"
"002",EURX,CYP,JPY,"81999898",1,1,"","00000000"
"002",EURX,CYP,USD,"81999898",1,1,"","00000000"
"002",EURX,CZK,EUR,"81999898",1,1,"","00000000"
"002",EURX,DKK,EUR,"81999898",1,1,"","00000000"
"002",EURX,EEK,EUR,"81999898",1,1,"","00000000"
"002",EURX,EEK,JPY,"81999898",1,1,"","00000000"
"002",EURX,EEK,USD,"81999898",1,1,"","00000000"
"002",EURX,EUR,AED,"81999898",1,1,"","00000000"
"002",EURX,EUR,ARS,"81999898",1,1,"","00000000"
"002",EURX,EUR,AUD,"81999898",1,1,"","00000000"
"002",EURX,EUR,BGN,"81999898",1,1,"","00000000"
"002",EURX,EUR,BRL,"81999898",1,1,"","00000000"
"002",EURX,EUR,CAD,"81999898",1,1,"","00000000"
"002",EURX,EUR,CHF,"81999898",1,1,"","00000000"
"002",EURX,EUR,CLP,"81999898",1,1,"","00000000"
"002",EURX,EUR,CNY,"81999898",1,1,"","00000000"
"002",EURX,EUR,COP,"81999898",1,1000,"","00000000"
"002",EURX,EUR,CSD,"81999898",1,1,"","00000000"
"002",EURX,EUR,CYP,"81999898",100,1,"","00000000"
"002",EURX,EUR,CZK,"81999898",1,1,"","00000000"
"002",EURX,EUR,DKK,"81999898",1,1,"","00000000"
"002",EURX,EUR,EEK,"81999898",1,1,"","00000000"
"002",EURX,EUR,GBP,"81999898",1,1,"","00000000"
"002",EURX,EUR,HKD,"81999898",1,1,"","00000000"
"002",EURX,EUR,HRK,"81999898",1,1,"","00000000"
"002",EURX,EUR,HUF,"81999898",1,1,"","00000000"
"002",EURX,EUR,IDR,"81999898",1,1000,"","00000000"
"002",EURX,EUR,ILS,"81999898",1,1,"","00000000"
"002",EURX,EUR,INR,"81999898",1,1,"","00000000"
"002",EURX,EUR,JPY,"81999898",1,1,"","00000000"
"002",EURX,EUR,KRW,"81999898",1,1,"","00000000"
"002",EURX,EUR,KZT,"81999898",1,1,"","00000000"
"002",EURX,EUR,LTL,"81999898",1,1,"","00000000"
"002",EURX,EUR,LVL,"81999898",100,1,"","00000000"
"002",EURX,EUR,MTL,"81999898",1,1,"","00000000"
"002",EURX,EUR,MXN,"81999898",1,1,"","00000000"
"002",EURX,EUR,MYR,"81999898",1,1,"","00000000"
"002",EURX,EUR,NOK,"81999898",1,1,"","00000000"
"002",EURX,EUR,NZD,"81999898",1,1,"","00000000"
"002",EURX,EUR,PEN,"81999898",1,1,"","00000000"
"002",EURX,EUR,PHP,"81999898",1,1,"","00000000"
"002",EURX,EUR,PLN,"81999898",1,1,"","00000000"
"002",EURX,EUR,ROL,"81999898",1,1000,"","00000000"
"002",EURX,EUR,RON,"81999898",1,1,"","00000000"
"002",EURX,EUR,RSD,"81999898",1,1,"","00000000"
"002",EURX,EUR,RUB,"81999898",1,1,"","00000000"
"002",EURX,EUR,SAR,"81999898",1,1,"","00000000"
"002",EURX,EUR,SEK,"81999898",1,1,"","00000000"
"002",EURX,EUR,SGD,"81999898",1,1,"","00000000"
"002",EURX,EUR,SIT,"81999898",1,1,"","00000000"
"002",EURX,EUR,SKK,"81999898",1,1,"","00000000"
"002",EURX,EUR,THB,"81999898",1,1,"","00000000"
"002",EURX,EUR,TRL,"81999898",1,100000,"","00000000"
"002",EURX,EUR,TRY,"81999898",1,1,"","00000000"
"002",EURX,EUR,TWD,"81999898",1,1,"","00000000"
"002",EURX,EUR,UAH,"81999898",1,1,"","00000000"
"002",EURX,EUR,USD,"81999898",1,1,"","00000000"
"002",EURX,EUR,VEB,"81999898",1,1,"","00000000"
"002",EURX,EUR,VEF,"81999898",1,1,"","00000000"
"002",EURX,EUR,VES,"81999898",1,1,"","00000000"
"002",EURX,EUR,ZAR,"81999898",1,1,"","00000000"
"002",EURX,GBP,EUR,"81999898",1,1,"","00000000"
"002",EURX,HKD,EUR,"81999898",1,1,"","00000000"
"002",EURX,HRK,EUR,"81999898",1,1,"","00000000"
"002",EURX,HUF,EUR,"81999898",1,1,"","00000000"
"002",EURX,IDR,EUR,"81999898",1000,1,"","00000000"
"002",EURX,ILS,EUR,"81999898",1,1,"","00000000"
"002",EURX,INR,EUR,"81999898",1,1,"","00000000"
"002",EURX,JPY,CYP,"81999898",100,1,"","00000000"
"002",EURX,JPY,EEK,"81999898",100,1,"","00000000"
"002",EURX,JPY,EUR,"81999898",1,1,"","00000000"
"002",EURX,JPY,LTL,"81999898",100,1,"","00000000"
"002",EURX,JPY,LVL,"81999898",100,1,"","00000000"
"002",EURX,JPY,MTL,"81999898",100,1,"","00000000"
"002",EURX,JPY,SIT,"81999898",100,1,"","00000000"
"002",EURX,JPY,SKK,"81999898",100,1,"","00000000"
"002",EURX,KRW,EUR,"81999898",1,1,"","00000000"
"002",EURX,KZT,EUR,"81999898",1,1,"","00000000"
"002",EURX,LTL,EUR,"81999898",1,1,"","00000000"
"002",EURX,LTL,JPY,"81999898",1,1,"","00000000"
"002",EURX,LTL,USD,"81999898",1,1,"","00000000"
"002",EURX,LVL,EUR,"81999898",1,100,"","00000000"
"002",EURX,LVL,JPY,"81999898",1,1,"","00000000"
"002",EURX,LVL,USD,"81999898",1,1,"","00000000"
"002",EURX,MTL,EUR,"81999898",1,1,"","00000000"
"002",EURX,MTL,JPY,"81999898",1,1,"","00000000"
"002",EURX,MTL,USD,"81999898",1,1,"","00000000"
"002",EURX,MXN,EUR,"81999898",1,1,"","00000000"
"002",EURX,MYR,EUR,"81999898",1,1,"","00000000"
"002",EURX,NOK,EUR,"81999898",1,1,"","00000000"
"002",EURX,NZD,EUR,"81999898",1,1,"","00000000"
"002",EURX,PEN,EUR,"81999898",1,1,"","00000000"
"002",EURX,PHP,EUR,"81999898",1,1,"","00000000"
"002",EURX,PLN,EUR,"81999898",1,1,"","00000000"
"002",EURX,ROL,EUR,"81999898",1000,1,"","00000000"
"002",EURX,RON,EUR,"81999898",1,1,"","00000000"
"002",EURX,RSD,EUR,"81999898",1,1,"","00000000"
"002",EURX,RUB,EUR,"81999898",1,1,"","00000000"
"002",EURX,SAR,EUR,"81999898",1,1,"","00000000"
"002",EURX,SEK,EUR,"81999898",1,1,"","00000000"
"002",EURX,SGD,EUR,"81999898",1,1,"","00000000"
"002",EURX,SIT,EUR,"81999898",1,1,"","00000000"
"002",EURX,SIT,JPY,"81999898",100,1,"","00000000"
"002",EURX,SIT,USD,"81999898",1,1,"","00000000"
"002",EURX,SKK,EUR,"81999898",1,1,"","00000000"
"002",EURX,SKK,JPY,"81999898",1,1,"","00000000"
"002",EURX,SKK,USD,"81999898",1,1,"","00000000"
"002",EURX,THB,EUR,"81999898",1,1,"","00000000"
"002",EURX,TRL,EUR,"81999898",100000,1,"","00000000"
"002",EURX,TRY,EUR,"81999898",1,1,"","00000000"
"002",EURX,TWD,EUR,"81999898",1,1,"","00000000"
"002",EURX,UAH,EUR,"81999898",1,1,"","00000000"
"002",EURX,USD,CYP,"81999898",1,1,"","00000000"
"002",EURX,USD,EEK,"81999898",1,1,"","00000000"
"002",EURX,USD,EUR,"81999898",1,1,"","00000000"
"002",EURX,USD,LTL,"81999898",1,1,"","00000000"
"002",EURX,USD,LVL,"81999898",1,1,"","00000000"
"002",EURX,USD,MTL,"81999898",1,1,"","00000000"
"002",EURX,USD,SIT,"81999898",1,1,"","00000000"
"002",EURX,USD,SKK,"81999898",1,1,"","00000000"
"002",EURX,VEB,EUR,"81999898",1,1,"","00000000"
"002",EURX,VEF,EUR,"81999898",1,1,"","00000000"
"002",EURX,VES,EUR,"81999898",1,1,"","00000000"
"002",EURX,ZAR,EUR,"81999898",1,1,"","00000000"
"002",F,CNY,JPY,"81999898",1,1,"","00000000"
"002",G,USD,JPY,"79839898",1,1,"","00000000"
"002",M,AED,EUR,"81999898",1,1,EURX,"00000000"
"002",M,AED,JPY,"81999898",1,1,"","00000000"
"002",M,AED,KWD,"79989898",1,1,"","00000000"
"002",M,AED,USD,"81999898",1,1,"","00000000"
"002",M,ARS,BRL,"81999898",1,1,"","00000000"
"002",M,ARS,CAD,"81999898",1,1,"","00000000"
"002",M,ARS,CLP,"81999898",1,1,"","00000000"
"002",M,ARS,COP,"81999898",1,1000,"","00000000"
"002",M,ARS,EUR,"81999898",1,1,EURX,"00000000"
"002",M,ARS,JPY,"81999898",1,1,"","00000000"
"002",M,ARS,MXN,"81999898",1,1,"","00000000"
"002",M,ARS,PEN,"81999898",1,1,"","00000000"
"002",M,ARS,USD,"81999898",1,1,"","00000000"
"002",M,ARS,VEB,"81999898",1,1,"","00000000"
"002",M,ARS,VEF,"81999898",1,1,"","00000000"
"002",M,ARS,VES,"81999898",1,1,"","00000000"
"002",M,ATS,EUR,"81999898",1,1,EURO,"00000000"
"002",M,AUD,EUR,"81999898",1,1,EURX,"00000000"
"002",M,AUD,JPY,"81999898",1,1,"","00000000"
"002",M,AUD,NZD,"81999898",1,1,"","00000000"
"002",M,AUD,USD,"81999898",1,1,"","00000000"
"002",M,BEF,EUR,"81999898",1,1,EURO,"00000000"
"002",M,BGN,EUR,"81999898",1,1,EURX,"00000000"
"002",M,BGN,JPY,"81999898",1,1,"","00000000"
"002",M,BGN,USD,"81999898",1,1,"","00000000"
"002",M,BHD,KWD,"79989898",1,1,"","00000000"
"002",M,BRL,ARS,"81999898",1,1,"","00000000"
"002",M,BRL,CAD,"81999898",1,1,"","00000000"
"002",M,BRL,CLP,"81999898",1,1,"","00000000"
"002",M,BRL,COP,"81999898",1,1000,"","00000000"
"002",M,BRL,EUR,"81999898",1,1,EURX,"00000000"
"002",M,BRL,JPY,"81999898",1,1,"","00000000"
"002",M,BRL,MXN,"81999898",1,1,"","00000000"
"002",M,BRL,PEN,"81999898",1,1,"","00000000"
"002",M,BRL,RUB,"79999898",1,1,"","00000000"
"002",M,BRL,USD,"81999898",1,1,"","00000000"
"002",M,BRL,VEB,"81999898",1,1,"","00000000"
"002",M,BRL,VEF,"81999898",1,1,"","00000000"
"002",M,BRL,VES,"81999898",1,1,"","00000000"
"002",M,CAD,ARS,"81999898",1,1,"","00000000"
"002",M,CAD,BRL,"81999898",1,1,"","00000000"
"002",M,CAD,CLP,"81999898",1,1,"","00000000"
"002",M,CAD,COP,"81999898",1,1000,"","00000000"
"002",M,CAD,EUR,"81999898",1,1,EURX,"00000000"
"002",M,CAD,JPY,"81999898",1,1,"","00000000"
"002",M,CAD,MXN,"81999898",1,1,"","00000000"
"002",M,CAD,PEN,"81999898",1,1,"","00000000"
"002",M,CAD,USD,"81999898",1,1,"","00000000"
"002",M,CAD,VEB,"81999898",1,1,"","00000000"
"002",M,CAD,VEF,"81999898",1,1,"","00000000"
"002",M,CAD,VES,"81999898",1,1,"","00000000"
"002",M,CHF,DKK,"81999898",1,1,"","00000000"
"002",M,CHF,EUR,"81999898",1,1,EURX,"00000000"
"002",M,CHF,GBP,"81999898",1,1,"","00000000"
"002",M,CHF,JPY,"81999898",1,1,"","00000000"
"002",M,CHF,NOK,"81999898",1,1,"","00000000"
"002",M,CHF,SEK,"81999898",1,1,"","00000000"
"002",M,CHF,USD,"81999898",1,1,"","00000000"
"002",M,CLP,ARS,"81999898",1000,1,"","00000000"
"002",M,CLP,BRL,"81999898",1000,1,"","00000000"
"002",M,CLP,CAD,"81999898",1000,1,"","00000000"
"002",M,CLP,CLP4,"80999898",1,1,"","00000000"
"002",M,CLP,COP,"81999898",1,1,"","00000000"
"002",M,CLP,EUR,"81999898",1,1,EURX,"00000000"
"002",M,CLP,JPY,"81999898",100,1,"","00000000"
"002",M,CLP,MXN,"81999898",100,1,"","00000000"
"002",M,CLP,PEN,"81999898",1000,1,"","00000000"
"002",M,CLP,USD,"81999898",1,1,"","00000000"
"002",M,CLP,VEB,"81999898",1,1,"","00000000"
"002",M,CLP,VEF,"81999898",1000,1,"","00000000"
"002",M,CLP,VES,"81999898",1000,1,"","00000000"
"002",M,CLP4,CLP,"80999898",1,1,"","00000000"
"002",M,CNY,EUR,"81999898",1,1,EURX,"00000000"
"002",M,CNY,JPY,"81999898",1,1,"","00000000"
"002",M,CNY,USD,"81999898",1,1,"","00000000"
"002",M,COP,ARS,"81999898",1000,1,"","00000000"
"002",M,COP,BRL,"81999898",1000,1,"","00000000"
"002",M,COP,CAD,"81999898",1000,1,"","00000000"
"002",M,COP,CLP,"81999898",1,1,"","00000000"
"002",M,COP,EUR,"81999898",1000,1,EURX,"00000000"
"002",M,COP,JPY,"81999898",100,1,"","00000000"
"002",M,COP,PEN,"81999898",1000,1,"","00000000"
"002",M,COP,USD,"81999898",1000,1,"","00000000"
"002",M,CSD,EUR,"81999898",1,1,EURX,"00000000"
"002",M,CSD,JPY,"81999898",1,1,"","00000000"
"002",M,CSD,USD,"81999898",1,1,"","00000000"
"002",M,CYP,EUR,"79919898",1,100,EURO,"00000000"
"002",M,CYP,EUR,"81999898",1,100,EURX,"00000000"
"002",M,CYP,JPY,"79919898",1,1,EURX,"00000000"
"002",M,CYP,JPY,"81999898",1,1,"","00000000"
"002",M,CYP,USD,"79919898",1,1,EURX,"00000000"
"002",M,CYP,USD,"81999898",1,1,"","00000000"
"002",M,CZK,EUR,"81999898",1,1,EURX,"00000000"
"002",M,CZK,JPY,"81999898",1,1,"","00000000"
"002",M,CZK,USD,"81999898",1,1,"","00000000"
"002",M,DEM,EUR,"81999898",1,1,EURO,"00000000"
"002",M,DEM,FRF,"80009898",1,1,EURO,"00000000"
"002",M,DKK,CHF,"81999898",1,1,"","00000000"
"002",M,DKK,EUR,"81999898",1,1,EURX,"00000000"
"002",M,DKK,GBP,"81999898",1,1,"","00000000"
"002",M,DKK,JPY,"81999898",1,1,"","00000000"
"002",M,DKK,NOK,"81999898",1,1,"","00000000"
"002",M,DKK,SEK,"81999898",1,1,"","00000000"
"002",M,DKK,USD,"81999898",1,1,"","00000000"
"002",M,EEK,EUR,"79889898",1,1,EURO,"00000000"
"002",M,EEK,EUR,"81999898",1,1,EURX,"00000000"
"002",M,EEK,JPY,"79889898",1,1,EURX,"00000000"
"002",M,EEK,JPY,"81999898",1,1,"","00000000"
"002",M,EEK,USD,"79889898",1,1,EURX,"00000000"
"002",M,EEK,USD,"81999898",1,1,"","00000000"
"002",M,ESP,EUR,"81999898",1,1,EURO,"00000000"
"002",M,EUR,AED,"81999898",1,1,EURX,"00000000"
"002",M,EUR,ARS,"81999898",1,1,EURX,"00000000"
"002",M,EUR,ATS,"81999898",1,1,EURO,"00000000"
"002",M,EUR,AUD,"81999898",1,1,EURX,"00000000"
"002",M,EUR,BEF,"81999898",1,1,EURO,"00000000"
"002",M,EUR,BGN,"81999898",1,1,EURX,"00000000"
"002",M,EUR,BRL,"81999898",1,1,EURX,"00000000"
"002",M,EUR,CAD,"81999898",1,1,EURX,"00000000"
"002",M,EUR,CHF,"81999898",1,1,EURX,"00000000"
"002",M,EUR,CLP,"81999898",1,1,EURX,"00000000"
"002",M,EUR,CNY,"81999898",1,1,EURX,"00000000"
"002",M,EUR,COP,"81999898",1,1000,EURX,"00000000"
"002",M,EUR,CSD,"81999898",1,1,EURX,"00000000"
"002",M,EUR,CYP,"79919898",100,1,EURO,"00000000"
"002",M,EUR,CYP,"81999898",100,1,EURX,"00000000"
"002",M,EUR,CZK,"81999898",1,1,EURX,"00000000"
"002",M,EUR,DEM,"81999898",1,1,EURO,"00000000"
"002",M,EUR,DKK,"81999898",1,1,EURX,"00000000"
"002",M,EUR,EEK,"79889898",1,1,EURO,"00000000"
"002",M,EUR,EEK,"81999898",1,1,EURX,"00000000"
"002",M,EUR,ESP,"81999898",1,1,EURO,"00000000"
"002",M,EUR,FIM,"81999898",1,1,EURO,"00000000"
"002",M,EUR,FRF,"81999898",1,1,EURO,"00000000"
"002",M,EUR,GBP,"81999898",1,1,EURX,"00000000"
"002",M,EUR,GRD,"81999898",1,1,EURO,"00000000"
"002",M,EUR,HKD,"81999898",1,1,EURX,"00000000"
"002",M,EUR,HRK,"81999898",1,1,EURX,"00000000"
"002",M,EUR,HUF,"81999898",1,1,EURX,"00000000"
"002",M,EUR,IDR,"81999898",1,1000,EURX,"00000000"
"002",M,EUR,IEP,"81999898",100,1,EURO,"00000000"
"002",M,EUR,ILS,"81999898",1,1,EURX,"00000000"
"002",M,EUR,INR,"81999898",1,1,EURX,"00000000"
"002",M,EUR,ITL,"81999898",1,1,EURO,"00000000"
"002",M,EUR,JPY,"81999898",1,1,"","00000000"
"002",M,EUR,KRW,"81999898",1,1,EURX,"00000000"
"002",M,EUR,KZT,"81999898",1,1,EURX,"00000000"
"002",M,EUR,LTL,"79849898",1,1,EURO,"00000000"
"002",M,EUR,LTL,"81999898",1,1,EURX,"00000000"
"002",M,EUR,LUF,"81999898",1,1,EURO,"00000000"
"002",M,EUR,LVL,"79859898",100,1,EURO,"00000000"
"002",M,EUR,LVL,"81999898",100,1,EURX,"00000000"
"002",M,EUR,MTL,"79919898",1,1,EURO,"00000000"
"002",M,EUR,MTL,"81999898",1,1,EURX,"00000000"
"002",M,EUR,MXN,"81999898",1,1,EURX,"00000000"
"002",M,EUR,MYR,"81999898",1,1,EURX,"00000000"
"002",M,EUR,NLG,"81999898",1,1,EURO,"00000000"
"002",M,EUR,NOK,"81999898",1,1,"","00000000"
"002",M,EUR,NZD,"81999898",1,1,EURX,"00000000"
"002",M,EUR,PEN,"81999898",1,1,EURX,"00000000"
"002",M,EUR,PHP,"81999898",1,1,EURX,"00000000"
"002",M,EUR,PLN,"81999898",1,1,EURX,"00000000"
"002",M,EUR,PTE,"81999898",1,1,EURO,"00000000"
"002",M,EUR,ROL,"81999898",1,1000,EURX,"00000000"
"002",M,EUR,RON,"81999898",1,1,EURX,"00000000"
"002",M,EUR,RSD,"81999898",1,1,EURX,"00000000"
"002",M,EUR,RUB,"80999898",1,1,"","00000000"
"002",M,EUR,SAR,"81999898",1,1,EURX,"00000000"
"002",M,EUR,SEK,"81999898",1,1,EURX,"00000000"
"002",M,EUR,SGD,"81999898",1,1,EURX,"00000000"
"002",M,EUR,SIT,"79929898",1,1,EURO,"00000000"
"002",M,EUR,SIT,"81999898",1,1,EURX,"00000000"
"002",M,EUR,SKK,"79909898",1,1,EURO,"00000000"
"002",M,EUR,SKK,"81999898",1,1,EURX,"00000000"
"002",M,EUR,THB,"81999898",1,1,EURX,"00000000"
"002",M,EUR,TRL,"81999898",1,100000,EURX,"00000000"
"002",M,EUR,TRY,"81999898",1,1,EURX,"00000000"
"002",M,EUR,TWD,"81999898",1,1,EURX,"00000000"
"002",M,EUR,UAH,"81999898",1,1,EURX,"00000000"
"002",M,EUR,USD,"81999898",1,1,EURX,"00000000"
"002",M,EUR,VEB,"81999898",1,1,EURX,"00000000"
"002",M,EUR,VEF,"81999898",1,1,EURX,"00000000"
"002",M,EUR,VES,"81999898",1,1,EURX,"00000000"
"002",M,EUR,ZAR,"81999898",1,1,EURX,"00000000"
"002",M,FIM,EUR,"81999898",1,1,EURO,"00000000"
"002",M,FRF,EUR,"81999898",1,1,EURO,"00000000"
"002",M,GBP,CHF,"81999898",1,1,"","00000000"
"002",M,GBP,DKK,"81999898",1,1,"","00000000"
"002",M,GBP,EUR,"81999898",1,1,EURX,"00000000"
"002",M,GBP,JPY,"81999898",1,1,"","00000000"
"002",M,GBP,NOK,"81999898",1,1,"","00000000"
"002",M,GBP,RUB,"81999898",1,1,"","00000000"
"002",M,GBP,SEK,"81999898",1,1,"","00000000"
"002",M,GBP,USD,"81999898",1,1,"","00000000"
"002",M,GRD,EUR,"81999898",1,1,EURO,"00000000"
"002",M,HKD,EUR,"81999898",1,1,EURX,"00000000"
"002",M,HKD,JPY,"81999898",1,1,"","00000000"
"002",M,HKD,USD,"81999898",1,1,"","00000000"
"002",M,HRK,EUR,"81999898",1,1,EURX,"00000000"
"002",M,HRK,JPY,"81999898",1,1,"","00000000"
"002",M,HRK,USD,"81999898",1,1,"","00000000"
"002",M,HUF,EUR,"81999898",1,1,EURX,"00000000"
"002",M,HUF,JPY,"81999898",100,1,"","00000000"
"002",M,HUF,THB,"79898983",1,1,"","00000000"
"002",M,HUF,USD,"81999898",1,1,"","00000000"
"002",M,IDR,EUR,"81999898",1000,1,EURX,"00000000"
"002",M,IDR,JPY,"81999898",100,1,"","00000000"
"002",M,IDR,USD,"81999898",1000,1,"","00000000"
"002",M,IEP,EUR,"81999898",1,100,EURO,"00000000"
"002",M,ILS,EUR,"81999898",1,1,EURX,"00000000"
"002",M,ILS,JPY,"81999898",1,1,"","00000000"
"002",M,ILS,USD,"81999898",1,1,"","00000000"
"002",M,INR,CHF,"79819898",1,1,"","00000000"
"002",M,INR,EUR,"81999898",1,1,EURX,"00000000"
"002",M,INR,JPY,"81999898",1,1,"","00000000"
"002",M,INR,USD,"81999898",1,1,"","00000000"
"002",M,ITL,EUR,"81999898",1,1,EURO,"00000000"
"002",M,JPY,AED,"81999898",100,1,"","00000000"
"002",M,JPY,ARS,"81999898",100,1,"","00000000"
"002",M,JPY,AUD,"81999898",1,1,"","00000000"
"002",M,JPY,BGN,"81999898",100,1,"","00000000"
"002",M,JPY,BRL,"81999898",100,1,"","00000000"
"002",M,JPY,CAD,"81999898",100,1,"","00000000"
"002",M,JPY,CHF,"81999898",100,1,"","00000000"
"002",M,JPY,CLP,"81999898",100,1,"","00000000"
"002",M,JPY,CNY,"81999898",100,1,"","00000000"
"002",M,JPY,COP,"81999898",1,1,"","00000000"
"002",M,JPY,CSD,"81999898",100,1,"","00000000"
"002",M,JPY,CYP,"79919898",100,1,EURX,"00000000"
"002",M,JPY,CYP,"81999898",100,1,"","00000000"
"002",M,JPY,CZK,"81999898",100,1,"","00000000"
"002",M,JPY,DKK,"81999898",100,1,"","00000000"
"002",M,JPY,EEK,"79889898",100,1,EURX,"00000000"
"002",M,JPY,EEK,"81999898",100,1,"","00000000"
"002",M,JPY,EUR,"81999898",1,1,"","00000000"
"002",M,JPY,GBP,"81999898",1,1,"","00000000"
"002",M,JPY,HKD,"81999898",100,1,"","00000000"
"002",M,JPY,HRK,"81999898",100,1,"","00000000"
"002",M,JPY,HUF,"81999898",100,1,"","00000000"
"002",M,JPY,IDR,"81999898",1,1,"","00000000"
"002",M,JPY,ILS,"81999898",100,1,"","00000000"
"002",M,JPY,INR,"81999898",100,1,"","00000000"
"002",M,JPY,KRW,"81999898",100,1,"","00000000"
"002",M,JPY,KZT,"81999898",100,1,"","00000000"
"002",M,JPY,LTL,"79849898",100,1,EURX,"00000000"
"002",M,JPY,LTL,"81999898",100,1,"","00000000"
"002",M,JPY,LVL,"79859898",100,1,EURX,"00000000"
"002",M,JPY,LVL,"81999898",100,1,"","00000000"
"002",M,JPY,MTL,"79919898",100,1,EURX,"00000000"
"002",M,JPY,MTL,"81999898",100,1,"","00000000"
"002",M,JPY,MXN,"81999898",100,1,"","00000000"
"002",M,JPY,MYR,"81999898",100,1,"","00000000"
"002",M,JPY,NOK,"81999898",100,1,"","00000000"
"002",M,JPY,NZD,"81999898",1,1,"","00000000"
"002",M,JPY,PEN,"81999898",100,1,"","00000000"
"002",M,JPY,PHP,"81999898",100,1,"","00000000"
"002",M,JPY,PLN,"81999898",100,1,"","00000000"
"002",M,JPY,ROL,"81999898",1,1,"","00000000"
"002",M,JPY,RON,"81999898",100,1,"","00000000"
"002",M,JPY,RSD,"81999898",100,1,"","00000000"
"002",M,JPY,RUB,"81999898",100,1,"","00000000"
"002",M,JPY,SAR,"81999898",100,1,"","00000000"
"002",M,JPY,SEK,"81999898",100,1,"","00000000"
"002",M,JPY,SGD,"81999898",100,1,"","00000000"
"002",M,JPY,SIT,"79929898",100,1,EURX,"00000000"
"002",M,JPY,SIT,"81999898",100,1,"","00000000"
"002",M,JPY,SKK,"79909898",100,1,EURX,"00000000"
"002",M,JPY,SKK,"81999898",100,1,"","00000000"
"002",M,JPY,THB,"81999898",100,1,"","00000000"
"002",M,JPY,TRL,"81999898",1,100,"","00000000"
"002",M,JPY,TRY,"81999898",100,1,"","00000000"
"002",M,JPY,TWD,"81999898",100,1,"","00000000"
"002",M,JPY,UAH,"81999898",100,1,"","00000000"
"002",M,JPY,USD,"81999898",1,1,"","00000000"
"002",M,JPY,VEB,"81999898",100,1,"","00000000"
"002",M,JPY,VEF,"81999898",100,1,"","00000000"
"002",M,JPY,VES,"81999898",100,1,"","00000000"
"002",M,JPY,ZAR,"81999898",100,1,"","00000000"
"002",M,KRW,EUR,"81999898",1,1,EURX,"00000000"
"002",M,KRW,JPY,"81999898",1,1,"","00000000"
"002",M,KRW,USD,"81999898",1,1,"","00000000"
"002",M,KZT,EUR,"81999898",1,1,EURX,"00000000"
"002",M,KZT,JPY,"81999898",100,1,"","00000000"
"002",M,KZT,RUB,"79799898",1,1,"","00000000"
"002",M,KZT,USD,"81999898",1,1,"","00000000"
"002",M,LTL,EUR,"79849898",1,1,EURO,"00000000"
"002",M,LTL,EUR,"81999898",1,1,EURX,"00000000"
"002",M,LTL,JPY,"79849898",1,1,EURX,"00000000"
"002",M,LTL,JPY,"81999898",1,1,"","00000000"
"002",M,LTL,USD,"79849898",1,1,EURX,"00000000"
"002",M,LTL,USD,"81999898",1,1,"","00000000"
"002",M,LUF,EUR,"81999898",1,1,EURO,"00000000"
"002",M,LVL,EUR,"79859898",1,100,EURO,"00000000"
"002",M,LVL,EUR,"81999898",1,100,EURX,"00000000"
"002",M,LVL,JPY,"79859898",1,1,EURX,"00000000"
"002",M,LVL,JPY,"81999898",1,1,"","00000000"
"002",M,LVL,USD,"79859898",1,1,EURX,"00000000"
"002",M,LVL,USD,"81999898",1,1,"","00000000"
"002",M,MTL,EUR,"79919898",1,1,EURO,"00000000"
"002",M,MTL,EUR,"81999898",1,1,EURX,"00000000"
"002",M,MTL,JPY,"79919898",1,1,EURX,"00000000"
"002",M,MTL,JPY,"81999898",1,1,"","00000000"
"002",M,MTL,USD,"79919898",1,1,EURX,"00000000"
"002",M,MTL,USD,"81999898",1,1,"","00000000"
"002",M,MXN,ARS,"81999898",100,1,"","00000000"
"002",M,MXN,BRL,"81999898",100,1,"","00000000"
"002",M,MXN,CAD,"81999898",100,1,"","00000000"
"002",M,MXN,CLP,"81999898",1,1,"","00000000"
"002",M,MXN,EUR,"81999898",1,1,EURX,"00000000"
"002",M,MXN,JPY,"81999898",1,1,"","00000000"
"002",M,MXN,PEN,"81999898",100,1,"","00000000"
"002",M,MXN,USD,"81999898",1,1,"","00000000"
"002",M,MYR,EUR,"81999898",1,1,EURX,"00000000"
"002",M,MYR,JPY,"81999898",1,1,"","00000000"
"002",M,MYR,USD,"81999898",1,1,"","00000000"
"002",M,NLG,EUR,"81999898",1,1,EURO,"00000000"
"002",M,NOK,CHF,"81999898",1,1,"","00000000"
"002",M,NOK,DKK,"81999898",1,1,"","00000000"
"002",M,NOK,EUR,"80999898",1,1,"","00000000"
"002",M,NOK,EUR,"81999898",1,1,"","00000000"
"002",M,NOK,GBP,"81999898",1,1,"","00000000"
"002",M,NOK,JPY,"81999898",1,1,"","00000000"
"002",M,NOK,SEK,"81999898",1,1,"","00000000"
"002",M,NOK,USD,"81999898",1,1,"","00000000"
"002",M,NZD,AUD,"81999898",1,1,"","00000000"
"002",M,NZD,EUR,"81999898",1,1,EURX,"00000000"
"002",M,NZD,JPY,"81999898",1,1,"","00000000"
"002",M,NZD,NZD5,"81999898",1,1,"","00000000"
"002",M,NZD,USD,"81999898",1,1,"","00000000"
"002",M,NZD5,NZD,"81999898",1,1,"","00000000"
"002",M,OMR,KWD,"79989898",1,1,"","00000000"
"002",M,PEN,ARS,"81999898",1,1,"","00000000"
"002",M,PEN,BRL,"81999898",1,1,"","00000000"
"002",M,PEN,CAD,"81999898",1,1,"","00000000"
"002",M,PEN,CLP,"81999898",1,1,"","00000000"
"002",M,PEN,COP,"81999898",1,1,"","00000000"
"002",M,PEN,EUR,"81999898",1,1,EURX,"00000000"
"002",M,PEN,JPY,"81999898",1,1,"","00000000"
"002",M,PEN,MXN,"81999898",1,1,"","00000000"
"002",M,PEN,USD,"81999898",1,1,"","00000000"
"002",M,PEN,VEB,"81999898",1,1,"","00000000"
"002",M,PEN,VEF,"81999898",1,1,"","00000000"
"002",M,PEN,VES,"81999898",1,1,"","00000000"
"002",M,PHP,EUR,"81999898",1,1,EURX,"00000000"
"002",M,PHP,JPY,"81999898",1,1,"","00000000"
"002",M,PHP,USD,"81999898",1,1,"","00000000"
"002",M,PLN,CNY,"79989898",1,1,"","00000000"
"002",M,PLN,EUR,"81999898",1,1,EURX,"00000000"
"002",M,PLN,JPY,"81999898",1,1,"","00000000"
"002",M,PLN,USD,"81999898",1,1,"","00000000"
"002",M,PTE,EUR,"81999898",1,1,EURO,"00000000"
"002",M,QAR,CNY,"79989898",1,1,"","00000000"
"002",M,QAR,EUR,"79989898",1,1,"","00000000"
"002",M,QAR,GBP,"79989898",1,1,"","00000000"
"002",M,QAR,JPY,"79989898",1,1,"","00000000"
"002",M,QAR,KWD,"79989898",1,1,"","00000000"
"002",M,QAR,USD,"79989898",1,1,"","00000000"
"002",M,ROL,EUR,"81999898",1000,1,EURX,"00000000"
"002",M,ROL,JPY,"81999898",100,1,"","00000000"
"002",M,ROL,USD,"81999898",1000,1,"","00000000"
"002",M,RON,EUR,"81999898",1,1,EURX,"00000000"
"002",M,RON,JPY,"81999898",1,1,"","00000000"
"002",M,RON,USD,"81999898",1,1,"","00000000"
"002",M,RSD,EUR,"81999898",1,1,EURX,"00000000"
"002",M,RSD,JPY,"81999898",1,1,"","00000000"
"002",M,RSD,USD,"81999898",1,1,"","00000000"
"002",M,RUB,BRL,"79819898",1,1,ZALT,"00000000"
"002",M,RUB,CHF,"79819898",1,1,"","00000000"
"002",M,RUB,EUR,"79819898",1,1,ZALT,"00000000"
"002",M,RUB,EUR,"81999898",1,1,EURX,"00000000"
"002",M,RUB,GBP,"79819898",1,1,ZALT,"00000000"
"002",M,RUB,JPY,"81999898",1,1,"","00000000"
"002",M,RUB,UAH,"81999898",1,1,"","00000000"
"002",M,RUB,USD,"81999898",1,1,"","00000000"
"002",M,SAR,EUR,"81999898",1,1,EURX,"00000000"
"002",M,SAR,JPY,"81999898",1,1,"","00000000"
"002",M,SAR,KWD,"79989898",1,1,"","00000000"
"002",M,SAR,KWD,"81999898",1,1,"","00000000"
"002",M,SAR,USD,"81999898",1,1,"","00000000"
"002",M,SEK,CHF,"81999898",100,1,"","00000000"
"002",M,SEK,DKK,"81999898",1,1,"","00000000"
"002",M,SEK,EUR,"81999898",1,1,EURX,"00000000"
"002",M,SEK,GBP,"81999898",1,1,"","00000000"
"002",M,SEK,JPY,"81999898",1,1,"","00000000"
"002",M,SEK,NOK,"81999898",1,1,"","00000000"
"002",M,SEK,USD,"81999898",1,1,"","00000000"
"002",M,SGD,EUR,"81999898",1,1,EURX,"00000000"
"002",M,SGD,JPY,"81999898",1,1,"","00000000"
"002",M,SGD,USD,"81999898",1,1,"","00000000"
"002",M,SIT,EUR,"79929898",1,1,EURO,"00000000"
"002",M,SIT,EUR,"81999898",1,1,EURX,"00000000"
"002",M,SIT,JPY,"79929898",100,1,EURX,"00000000"
"002",M,SIT,JPY,"81999898",100,1,"","00000000"
"002",M,SIT,USD,"79929898",1,1,EURX,"00000000"
"002",M,SIT,USD,"81999898",1,1,"","00000000"
"002",M,SKK,EUR,"79909898",1,1,EURO,"00000000"
"002",M,SKK,EUR,"81999898",1,1,EURX,"00000000"
"002",M,SKK,JPY,"79909898",1,1,EURX,"00000000"
"002",M,SKK,JPY,"81999898",1,1,"","00000000"
"002",M,SKK,USD,"79909898",1,1,EURX,"00000000"
"002",M,SKK,USD,"81999898",1,1,"","00000000"
"002",M,THB,EUR,"81999898",1,1,EURX,"00000000"
"002",M,THB,HUF,"79898983",1,1,"","00000000"
"002",M,THB,JPY,"81999898",1,1,"","00000000"
"002",M,THB,USD,"81999898",1,1,"","00000000"
"002",M,TRL,EUR,"81999898",100000,1,EURX,"00000000"
"002",M,TRL,JPY,"81999898",1000000,1,"","00000000"
"002",M,TRL,USD,"81999898",100000,1,"","00000000"
"002",M,TRY,EUR,"81999898",1,1,EURX,"00000000"
"002",M,TRY,JPY,"81999898",1,1,"","00000000"
"002",M,TRY,USD,"81999898",1,1,"","00000000"
"002",M,TWD,EUR,"81999898",1,1,EURX,"00000000"
"002",M,TWD,JPY,"81999898",1,1,"","00000000"
"002",M,TWD,USD,"81999898",1,1,"","00000000"
"002",M,UAH,EUR,"81999898",1,1,EURX,"00000000"
"002",M,UAH,JPY,"81999898",1,1,"","00000000"
"002",M,UAH,RUB,"81999898",1,1,"","00000000"
"002",M,UAH,USD,"81999898",1,1,"","00000000"
"002",M,USD,AED,"81999898",1,1,"","00000000"
"002",M,USD,ARS,"81999898",1,1,"","00000000"
"002",M,USD,AUD,"81999898",1,1,"","00000000"
"002",M,USD,BGN,"81999898",1,1,"","00000000"
"002",M,USD,BRL,"81999898",1,1,"","00000000"
"002",M,USD,CAD,"81999898",1,1,"","00000000"
"002",M,USD,CHF,"81999898",1,1,"","00000000"
"002",M,USD,CLP,"81999898",1,1,"","00000000"
"002",M,USD,CNY,"81999898",1,1,"","00000000"
"002",M,USD,COP,"81999898",1,1000,"","00000000"
"002",M,USD,CSD,"81999898",1,1,"","00000000"
"002",M,USD,CYP,"79919898",1,1,EURX,"00000000"
"002",M,USD,CYP,"81999898",1,1,"","00000000"
"002",M,USD,CZK,"81999898",1,1,"","00000000"
"002",M,USD,DKK,"81999898",1,1,"","00000000"
"002",M,USD,EEK,"79889898",1,1,EURX,"00000000"
"002",M,USD,EEK,"81999898",1,1,"","00000000"
"002",M,USD,EUR,"81999898",1,1,EURX,"00000000"
"002",M,USD,GBP,"81999898",1,1,"","00000000"
"002",M,USD,HKD,"81999898",1,1,"","00000000"
"002",M,USD,HRK,"81999898",1,1,"","00000000"
"002",M,USD,HUF,"81999898",1,1,"","00000000"
"002",M,USD,IDR,"81999898",1,1000,"","00000000"
"002",M,USD,ILS,"81999898",1,1,"","00000000"
"002",M,USD,INR,"81999898",1,1,"","00000000"
"002",M,USD,JPY,"81999898",1,1,"","00000000"
"002",M,USD,KRW,"81999898",1,1,"","00000000"
"002",M,USD,KZT,"81999898",1,1,"","00000000"
"002",M,USD,LTL,"79849898",1,1,EURX,"00000000"
"002",M,USD,LTL,"81999898",1,1,"","00000000"
"002",M,USD,LVL,"79859898",1,1,EURX,"00000000"
"002",M,USD,LVL,"81999898",1,1,"","00000000"
"002",M,USD,MTL,"79919898",1,1,EURX,"00000000"
"002",M,USD,MTL,"81999898",1,1,"","00000000"
"002",M,USD,MXN,"81999898",1,1,"","00000000"
"002",M,USD,MYR,"81999898",1,1,"","00000000"
"002",M,USD,NOK,"81999898",1,1,"","00000000"
"002",M,USD,NZD,"81999898",1,1,"","00000000"
"002",M,USD,PEN,"81999898",1,1,"","00000000"
"002",M,USD,PHP,"81999898",1,1,"","00000000"
"002",M,USD,PLN,"81999898",1,1,"","00000000"
"002",M,USD,ROL,"81999898",1,1000,"","00000000"
"002",M,USD,RON,"81999898",1,1,"","00000000"
"002",M,USD,RSD,"81999898",1,1,"","00000000"
"002",M,USD,RUB,"81999898",1,1,"","00000000"
"002",M,USD,SAR,"81999898",1,1,"","00000000"
"002",M,USD,SEK,"81999898",1,1,"","00000000"
"002",M,USD,SGD,"81999898",1,1,"","00000000"
"002",M,USD,SIT,"79929898",1,1,EURX,"00000000"
"002",M,USD,SIT,"81999898",1,1,"","00000000"
"002",M,USD,SKK,"79909898",1,1,EURX,"00000000"
"002",M,USD,SKK,"81999898",1,1,"","00000000"
"002",M,USD,THB,"81999898",1,1,"","00000000"
"002",M,USD,TRL,"81999898",1,100000,"","00000000"
"002",M,USD,TRY,"81999898",1,1,"","00000000"
"002",M,USD,TWD,"81999898",1,1,"","00000000"
"002",M,USD,UAH,"81999898",1,1,"","00000000"
"002",M,USD,USDN,"81999898",1,1,"","00000000"
"002",M,USD,VEB,"81999898",1,1,"","00000000"
"002",M,USD,VEF,"81999898",1,1,"","00000000"
"002",M,USD,VES,"81999898",1,1,"","00000000"
"002",M,USD,ZAR,"81999898",1,1,"","00000000"
"002",M,USDN,EUR,"79889393",1,1,"","00000000"
"002",M,USDN,USD,"81999898",1,1,"","00000000"
"002",M,VEB,ARS,"81999898",1000,1,"","00000000"
"002",M,VEB,BRL,"81999898",1000,1,"","00000000"
"002",M,VEB,CAD,"81999898",1000,1,"","00000000"
"002",M,VEB,CLP,"81999898",1,1,"","00000000"
"002",M,VEB,EUR,"81999898",1,1,EURX,"00000000"
"002",M,VEB,JPY,"81999898",100,1,"","00000000"
"002",M,VEB,PEN,"81999898",1000,1,"","00000000"
"002",M,VEB,USD,"81999898",1,1,"","00000000"
"002",M,VEB,VEF,"79989898",1000,1,"","00000000"
"002",M,VEF,ARS,"81999898",1,1,"","00000000"
"002",M,VEF,BRL,"81999898",1,1,"","00000000"
"002",M,VEF,CAD,"81999898",1,1,"","00000000"
"002",M,VEF,CLP,"81999898",1,1,"","00000000"
"002",M,VEF,EUR,"81999898",1,1,EURX,"00000000"
"002",M,VEF,JPY,"81999898",1,1,"","00000000"
"002",M,VEF,PEN,"81999898",1,1,"","00000000"
"002",M,VEF,USD,"81999898",1,1,"","00000000"
"002",M,VEF,VEB,"79989898",1,1000000,M,"00000000"
"002",M,VEF,VES,"81999898",1000,1,VLOC,"00000000"
"002",M,VES,ARS,"81999898",1,1,"","00000000"
"002",M,VES,BRL,"81999898",1,1,"","00000000"
"002",M,VES,CAD,"81999898",1,1,"","00000000"
"002",M,VES,CLP,"81999898",1,1,"","00000000"
"002",M,VES,EUR,"81999898",1,1,EURX,"00000000"
"002",M,VES,JPY,"81999898",1,1,"","00000000"
"002",M,VES,PEN,"81999898",1,1,"","00000000"
"002",M,VES,USD,"81999898",1,1,"","00000000"
"002",M,VES,VEF,"81999898",1,1000,VLOC,"00000000"
"002",M,ZAR,EUR,"81999898",1,1,EURX,"00000000"
"002",M,ZAR,JPY,"81999898",1,1,"","00000000"
"002",M,ZAR,USD,"81999898",1,1,"","00000000"
"002",P,DEM,EUR,"81999898",1,1,EURO,"00000000"
"002",P,EUR,DEM,"81999898",1,1,EURO,"00000000"
"002",P,EUR,JPY,"81999898",1,1,"","00000000"
"002",P,EUR,USD,"81999898",1,1,"","00000000"
"002",P,JPY,EUR,"81999898",1,1,"","00000000"
"002",P,JPY,USD,"81999898",1,1,"","00000000"
"002",P,USD,EUR,"81999898",1,1,"","00000000"
"002",P,USD,JPY,"81999898",1,1,"","00000000"
"002",USD,EUR,USD,"79989898",1,1,EURO,"00000000"
"002",VLOC,VEF,VES,"81999898",1000,1,"","00000000"
"002",VLOC,VES,VEF,"81999898",1,1000,"","00000000"
"002",ZALT,BRL,RUB,"79799898",1,1,"","00000000"
"002",ZALT,EUR,RUB,"79999898",1,1,"","00000000"
"002",ZALT,EUR,USD,"79799772",1,1,"","00000000"
"002",ZALT,GBP,RUB,"79999898",1,1,"","00000000"
"002",ZALT,RUB,BRL,"79999898",1,1,"","00000000"
"002",ZALT,RUB,EUR,"79899898",1,1,"","00000000"
"002",ZALT,RUB,EUR,"79999898",1,1,"","00000000"
"002",ZALT,RUB,GBP,"79999898",1,1,"","00000000"
"002",ZALT,RUB,USD,"81999898",1,1,"","00000000"
"002",ZALT,USD,RUB,"81999898",1,1,"","00000000"
